{
    "reprojection_error_rms": 3.8501304876283218,
    "image_size": {
        "width": 1080,
        "height": 1920
    },
    "camera_matrix": [
        [
            603.7551314298687,
            0.0,
            545.3212717516574
        ],
        [
            0.0,
            686.4620054045629,
            961.7309363079607
        ],
        [
            0.0,
            0.0,
            1.0
        ]
    ],
    "distortion_coefficients": [
        -0.1663254018393506,
        0.030781311031246796,
        -0.004565701436514566,
        0.004333135993138097,
        -0.0026547479972127614
    ],
    "intrinsics": {
        "fx": 603.7551314298687,
        "fy": 686.4620054045629,
        "cx": 545.3212717516574,
        "cy": 961.7309363079607
    },
    "checkerboard_config": {
        "cols": 9,
        "rows": 7,
        "square_size_mm": 20.0,
        "num_calibration_frames": 173
    }
}