{
  "test_loss": 0.004302180573228364,
  "test_mae": 0.056271743029356,
  "test_rmse": 0.06567558646202087,
  "best_val_loss": 0.022247455674413667
}